timestep,Demand,Demand AC,Demand DC,Demand shortage AC,Demand shortage DC,PV generation,PV generation DC,Wind generation,Excess generation,Storage discharge,Storage discharge DC,Storage SOC,Storage charge,Storage charge DC,Genset generation,Grid availability
2019-01-01 00:00:00,3.513679340655718,3.513679340655718,0.0,-0.0,-0.0,0.0,0.0,3.0708542,0.0,-0.0,-0.0,0.2247801412635661,0.13772565,0.13772565,0.58055084,0
2019-01-01 01:00:00,3.4506905449931446,3.4506905449931446,0.0,-0.0,-0.0,0.0,0.0,3.378795,0.0,-0.0,-0.0,0.25696716715873896,0.3373508,0.3373508,0.40924639,0
2019-01-01 02:00:00,3.321365722980615,3.321365722980615,0.0,-0.0,-0.0,0.0,0.0,3.6867358,0.0,-0.0,-0.0,0.3055504101301841,0.50919886,0.50919886,0.14382882,0
2019-01-01 03:00:00,3.2157758094786195,3.2157758094786195,0.0,-0.0,-0.0,0.0,0.0,4.0032305,0.52661751,-0.0,-0.0,0.33043717579885684,0.26083716,0.26083716,-0.0,0
2019-01-01 04:00:00,3.1473097272366926,3.1473097272366926,0.0,-0.0,-0.0,0.0,0.0,4.3111713,1.191248,-0.027386433,-0.027386433,0.327660082183416,0.0,0.0,-0.0,0
2019-01-01 05:00:00,3.1393980910665142,3.1393980910665142,0.0,-0.0,-0.0,0.0,0.0,4.627666,1.4766253,-0.0,-0.0,0.3287709137278725,0.011642654,0.011642654,-0.0,0
2019-01-01 06:00:00,3.174696160133464,3.174696160133464,0.0,-0.0,-0.0,0.0,0.0,4.9356068,1.7609106,-0.0,-0.0,0.3287709137278725,0.0,0.0,-0.0,0
2019-01-01 07:00:00,3.26537568239166,3.26537568239166,0.0,-0.0,-0.0,0.0,0.0,5.2521015,1.908332,-0.0,-0.0,0.3362505665651046,0.07839387,0.07839387,-0.0,0
2019-01-01 08:00:00,3.359098141638389,3.359098141638389,0.0,-0.0,-0.0,0.0,0.0,5.2007781,1.8416799,-0.0,-0.0,0.3362505665651046,0.0,0.0,-0.0,0
2019-01-01 09:00:00,3.4646880551403836,3.4646880551403836,0.0,-0.0,-0.0,0.0,0.0,5.106685,1.5971081,-0.0,-0.0,0.3405334643252839,0.044888899,0.044888899,-0.0,0
2019-01-01 10:00:00,3.655784498020074,3.655784498020074,0.0,-0.0,-0.0,0.0,0.0,5.0040381,1.2670137,-0.0,-0.0,0.34828465529234764,0.081239852,0.081239852,-0.0,0
2019-01-01 11:00:00,3.8131043403270803,3.8131043403270803,0.0,-0.0,-0.0,0.0,0.0,4.9099451,0.98481253,-0.0,-0.0,0.35897338796489814,0.1120282,0.1120282,-0.0,0
2019-01-01 12:00:00,3.919302841226781,3.919302841226781,0.0,-0.0,-0.0,0.0,0.0,5.3119789,1.3926761,-0.0,-0.0,0.35897338796489814,0.0,0.0,-0.0,0
2019-01-01 13:00:00,3.953992322896025,3.953992322896025,0.0,-0.0,-0.0,0.0,0.0,5.7225666,1.7489112,-0.0,-0.0,0.3608494758485886,0.019663149,0.019663149,-0.0,0
2019-01-01 14:00:00,3.9655554834524405,3.9655554834524405,0.0,-0.0,-0.0,0.0,0.0,6.1246005,2.159045,-0.0,-0.0,0.3608494758485886,0.0,0.0,-0.0,0
2019-01-01 15:00:00,3.974075707020324,3.974075707020324,0.0,-0.0,-0.0,0.0,0.0,6.4410952,2.4130752,-0.0,-0.0,0.36599636572092265,0.053944297,0.053944297,-0.0,0
2019-01-01 16:00:00,4.092445955874145,4.092445955874145,0.0,-0.0,-0.0,0.0,0.0,6.749036,2.65659,-0.0,-0.0,0.36599636572092265,0.0,0.0,-0.0,0
2019-01-01 17:00:00,4.349878425103792,4.349878425103792,0.0,-0.0,-0.0,0.0,0.0,7.0655307,2.6049177,-0.0,-0.0,0.37656167375922245,0.11073458,0.11073458,-0.0,0
2019-01-01 18:00:00,4.352921362092323,4.352921362092323,0.0,-0.0,-0.0,0.0,0.0,7.3392559,2.9863345,-0.0,-0.0,0.37656167375922245,0.0,0.0,-0.0,0
2019-01-01 19:00:00,4.278673699572188,4.278673699572188,0.0,-0.0,-0.0,0.0,0.0,7.612981,3.3640064,-0.029699065,-0.029699065,0.37355006546974545,0.0,0.0,-0.0,0
2019-01-01 20:00:00,4.169127967985103,4.169127967985103,0.0,-0.0,-0.0,0.0,0.0,7.8781523,3.7528426,-0.043818293,-0.043818293,0.36910670978332033,0.0,0.0,-0.0,0
2019-01-01 21:00:00,3.996593440735447,3.996593440735447,0.0,-0.0,-0.0,0.0,0.0,7.6899662,3.7623866,-0.069013811,-0.069013811,0.3621084208886259,0.0,0.0,-0.0,0
2019-01-01 22:00:00,3.80793134744658,3.80793134744658,0.0,-0.0,-0.0,0.0,0.0,7.5017802,3.7693137,-0.075464837,-0.075464837,0.35445597553068264,0.0,0.0,-0.0,0
2019-01-01 23:00:00,3.5815368354999393,3.5815368354999393,0.0,-0.0,-0.0,0.0,0.0,7.3135941,3.8226151,-0.090557805,-0.090557805,0.3452730470028706,0.0,0.0,-0.0,0
2019-01-02 00:00:00,3.3852673997397473,3.3852673997397473,0.0,-0.0,-0.0,0.0,0.0,7.2964863,3.9897267,-0.078507774,-0.078507774,0.33731203022310075,0.0,0.0,-0.0,0
2019-01-02 01:00:00,3.259594102113454,3.259594102113454,0.0,-0.0,-0.0,0.0,0.0,7.2793785,4.0700537,-0.050269319,-0.050269319,0.33221451807342683,0.0,0.0,-0.0,0
2019-01-02 02:00:00,3.1926494883657908,3.1926494883657908,0.0,-0.0,-0.0,0.0,0.0,7.2708246,4.1049529,-0.026777845,-0.026777845,0.32949913677511145,0.0,0.0,-0.0,0
2019-01-02 03:00:00,3.1661759365655797,3.1661759365655797,0.0,-0.0,-0.0,0.0,0.0,6.8944525,3.7250425,-0.0,-0.0,0.3298076983607383,0.0032340706,0.0032340706,-0.0,0
2019-01-02 04:00:00,3.200256830837116,3.200256830837116,0.0,-0.0,-0.0,0.0,0.0,6.5180804,3.3178236,-0.0,-0.0,0.3298076983607383,0.0,0.0,-0.0,0
2019-01-02 05:00:00,3.3426662819003257,3.3426662819003257,0.0,-0.0,-0.0,0.0,0.0,6.1502622,0.59855002,-0.0,-0.0,0.5405752878465491,2.2090459,2.2090459,-0.0,0
2019-01-02 06:00:00,3.6932126229789946,3.6932126229789946,0.0,-0.0,-0.0,0.0,0.0,6.2272474,2.5340348,-0.0,-0.0,0.5405752878465491,0.0,0.0,-0.0,0
2019-01-02 07:00:00,4.181908303336931,4.181908303336931,0.0,-0.0,-0.0,0.0,0.0,6.3127865,0.0,-0.0,-0.0,0.7438847952811423,2.1308782,2.1308782,-0.0,0
2019-01-02 08:00:00,4.598486377066703,4.598486377066703,0.0,-0.0,-0.0,0.0,0.0,6.3983256,1.7998393,-0.0,-0.0,0.7438847952811423,0.0,0.0,-0.0,0
2019-01-02 09:00:00,4.790191407344098,4.790191407344098,0.0,-0.0,-0.0,0.0,0.0,6.0219535,0.0,-0.0,-0.0,0.8614086244586155,1.2317621,1.2317621,-0.0,0
2019-01-02 10:00:00,4.854093084103232,4.854093084103232,0.0,-0.0,-0.0,0.0,0.0,5.6541354,0.0,-0.0,-0.0,0.937741567229245,0.80004227,0.80004227,-0.0,0
2019-01-02 11:00:00,4.841617042450258,4.841617042450258,0.0,-0.0,-0.0,0.0,0.0,5.2863172,0.0,-0.0,-0.0,0.9801709098720823,0.44470013,0.44470013,-0.0,0
2019-01-02 12:00:00,4.813317728456927,4.813317728456927,0.0,-0.0,-0.0,0.0,0.0,5.0211459,0.0,-0.0,-0.0,1.0,0.20782819,0.20782819,-0.0,0
2019-01-02 13:00:00,4.833705406280079,4.833705406280079,0.0,-0.0,-0.0,0.0,0.0,4.7559747,0.0,-0.077730733,-0.077730733,0.9921178597058898,0.0,0.0,-0.0,0
2019-01-02 14:00:00,4.829141000797285,4.829141000797285,0.0,-0.0,-0.0,0.0,0.0,4.4993573,0.0,-0.32978367,-0.32978367,0.9586763937501575,0.0,0.0,-0.0,0
2019-01-02 15:00:00,4.848311503825024,4.848311503825024,0.0,-0.0,-0.0,0.0,0.0,4.2085244,0.0,-0.63978715,-0.63978715,0.8937993482140608,0.0,0.0,-0.0,0
2019-01-02 16:00:00,4.968203221173112,4.968203221173112,0.0,-0.0,-0.0,0.0,0.0,3.9176914,0.0,-1.0505119,-1.0505119,0.787273108380757,0.0,0.0,-0.0,0
2019-01-02 17:00:00,5.2785827940031815,5.2785827940031815,0.0,-0.0,-0.0,0.0,0.0,3.6354123,0.0,-1.6431705,-1.6431705,0.6206488488498728,0.0,0.0,-0.0,0
2019-01-02 18:00:00,5.077748952760195,5.077748952760195,0.0,-0.0,-0.0,0.0,0.0,3.8834757,0.0,-1.1942732,-1.1942732,0.49954462329715715,0.0,0.0,-0.0,0
2019-01-02 19:00:00,4.906735894004802,4.906735894004802,0.0,-0.0,-0.0,0.0,0.0,4.1400931,0.0,-0.76664283,-0.76664283,0.4218038842759298,0.0,0.0,-0.0,0
2019-01-02 20:00:00,4.696773241796224,4.696773241796224,0.0,-0.0,-0.0,0.0,0.0,4.3881565,0.0,-0.30861675,-0.30861675,0.39050887382595123,0.0,0.0,-0.0,0
2019-01-02 21:00:00,4.440253653663136,4.440253653663136,0.0,-0.0,-0.0,0.0,0.0,4.5421269,0.20448107,-0.10260784,-0.10260784,0.3801040138776975,0.0,0.0,-0.0,0
2019-01-02 22:00:00,4.158173394826395,4.158173394826395,0.0,-0.0,-0.0,0.0,0.0,4.6875434,0.64220209,-0.1128321,-0.1128321,0.3686623791327777,0.0,0.0,-0.0,0
2019-01-02 23:00:00,3.9022623940910126,3.9022623940910126,0.0,-0.0,-0.0,0.0,0.0,4.8415138,1.0416158,-0.1023644,-0.1023644,0.3582821982096543,0.0,0.0,-0.0,0
2019-01-03 00:00:00,3.6612617845994286,3.6612617845994286,0.0,-0.0,-0.0,0.0,0.0,5.106685,1.5418235,-0.096400244,-0.096400244,0.3485068156995191,0.0,0.0,-0.0,0
2019-01-03 01:00:00,3.490248725844036,3.490248725844036,0.0,-0.0,-0.0,0.0,0.0,5.3804102,1.8901615,-0.0,-0.0,0.3485068156995191,0.0,0.0,-0.0,0
2019-01-03 02:00:00,3.398047735091573,3.398047735091573,0.0,-0.0,-0.0,0.0,0.0,5.6541354,2.3613732,-0.10528562,-0.10528562,0.33783042745763353,0.0,0.0,-0.0,0
2019-01-03 03:00:00,3.3578809668429757,3.3578809668429757,0.0,-0.0,-0.0,0.0,0.0,6.0647231,2.7130497,-0.0062075915,-0.0062075915,0.337200950019515,0.0,0.0,-0.0,0
2019-01-03 04:00:00,3.38252875645007,3.38252875645007,0.0,-0.0,-0.0,0.0,0.0,6.4753108,3.0927821,-0.0,-0.0,0.337200950019515,0.0,0.0,-0.0,0
2019-01-03 05:00:00,3.5057677044855393,3.5057677044855393,0.0,-0.0,-0.0,0.0,0.0,6.8944525,3.1897248,-0.0,-0.0,0.3561839499187924,0.19896002,0.19896002,-0.0,0
2019-01-03 06:00:00,3.8505324652860007,3.8505324652860007,0.0,-0.0,-0.0,0.0,0.0,6.7918056,2.9412731,-0.0,-0.0,0.3561839499187924,0.0,0.0,-0.0,0
2019-01-03 07:00:00,4.362050173057913,4.362050173057913,0.0,-0.0,-0.0,0.0,0.0,6.6891586,1.9300939,-0.0,-0.0,0.3940635583750913,0.3970145,0.3970145,-0.0,0
2019-01-03 08:00:00,4.7844098270658915,4.7844098270658915,0.0,-0.0,-0.0,0.0,0.0,6.5865117,1.8021019,-0.0,-0.0,0.3940635583750913,0.0,0.0,-0.0,0
2019-01-03 09:00:00,4.9685075148719635,4.9685075148719635,0.0,-0.0,-0.0,0.0,0.0,6.6463891,1.5756849,-0.0,-0.0,0.4038142520238965,0.10219663,0.10219663,-0.0,0
2019-01-03 10:00:00,5.02480184915977,5.02480184915977,0.0,-0.0,-0.0,0.0,0.0,6.6977125,1.6729107,-0.0,-0.0,0.4038142520238965,0.0,0.0,-0.0,0
2019-01-03 11:00:00,5.059187037130161,5.059187037130161,0.0,-0.0,-0.0,0.0,0.0,6.7575899,1.6747295,-0.0,-0.0,0.4060729582410042,0.023673396,0.023673396,-0.0,0
2019-01-03 12:00:00,5.0804875960498705,5.0804875960498705,0.0,-0.0,-0.0,0.0,0.0,6.5865117,1.5060241,-0.0,-0.0,0.4060729582410042,0.0,0.0,-0.0,0
2019-01-03 13:00:00,5.076836071663635,5.076836071663635,0.0,-0.0,-0.0,0.0,0.0,6.4068796,1.3288792,-0.0,-0.0,0.40618403844459,0.0011642654,0.0011642654,-0.0,0
2019-01-03 14:00:00,5.08322623933955,5.08322623933955,0.0,-0.0,-0.0,0.0,0.0,6.2272474,1.1440212,-0.0,-0.0,0.40618403844459,0.0,0.0,-0.0,0
2019-01-03 15:00:00,5.070445903987721,5.070445903987721,0.0,-0.0,-0.0,0.0,0.0,6.5266343,1.4180264,-0.0,-0.0,0.4098251241721854,0.038162033,0.038162033,-0.0,0
2019-01-03 16:00:00,5.172992880501186,5.172992880501186,0.0,-0.0,-0.0,0.0,0.0,6.8260212,1.6530283,-0.0,-0.0,0.4098251241721854,0.0,0.0,-0.0,0
2019-01-03 17:00:00,5.382346945312058,5.382346945312058,0.0,-0.0,-0.0,0.0,0.0,7.1254081,1.6540595,-0.0,-0.0,0.41831687278095336,0.089001622,0.089001622,-0.0,0
2019-01-03 18:00:00,5.123393007588145,5.123393007588145,0.0,-0.0,-0.0,0.0,0.0,6.8345751,1.8147637,-0.10358158,-0.10358158,0.40781327705977893,0.0,0.0,-0.0,0
2019-01-03 19:00:00,4.945381193759134,4.945381193759134,0.0,-0.0,-0.0,0.0,0.0,6.5437421,1.6695657,-0.071204726,-0.071204726,0.4005928179217133,0.0,0.0,-0.0,0
2019-01-03 20:00:00,4.718682388113641,4.718682388113641,0.0,-0.0,-0.0,0.0,0.0,6.2529091,1.6249063,-0.090679522,-0.090679522,0.39139754496323625,0.0,0.0,-0.0,0
2019-01-03 21:00:00,4.457598394497758,4.457598394497758,0.0,-0.0,-0.0,0.0,0.0,6.1246005,1.7714357,-0.1044336,-0.1044336,0.3808075480636064,0.0,0.0,-0.0,0
2019-01-03 22:00:00,4.165780737297721,4.165780737297721,0.0,-0.0,-0.0,0.0,0.0,6.0048457,1.955792,-0.11672706,-0.11672706,0.3689709407184046,0.0,0.0,-0.0,0
2019-01-03 23:00:00,3.903479568886425,3.903479568886425,0.0,-0.0,-0.0,0.0,0.0,5.8765371,2.0779779,-0.10492047,-0.10492047,0.35833157593231435,0.0,0.0,-0.0,0
2019-01-04 00:00:00,3.6646090152868114,3.6646090152868114,0.0,-0.0,-0.0,0.0,0.0,5.5685962,1.9995355,-0.095548221,-0.095548221,0.34864259460063457,0.0,0.0,-0.0,0
2019-01-04 01:00:00,3.507593466678658,3.507593466678658,0.0,-0.0,-0.0,0.0,0.0,5.2521015,0.56413057,-0.0,-0.0,0.46126374707274703,1.1803775,1.1803775,-0.0,0
2019-01-04 02:00:00,3.40687225235831,3.40687225235831,0.0,-0.0,-0.0,0.0,0.0,4.9441607,1.5372885,-0.0,-0.0,0.46126374707274703,0.0,0.0,-0.0,0
2019-01-04 03:00:00,3.3648797219165956,3.3648797219165956,0.0,-0.0,-0.0,0.0,0.0,4.8671755,0.0,-0.0,-0.0,0.6045994955209881,1.5022958,1.5022958,-0.0,0
2019-01-04 04:00:00,3.3758342950753035,3.3758342950753035,0.0,-0.0,-0.0,0.0,0.0,4.7901903,0.0,-0.0,-0.0,0.7395448180539118,1.414356,1.414356,-0.0,0
2019-01-04 05:00:00,3.50181188640045,3.50181188640045,0.0,-0.0,-0.0,0.0,0.0,4.7046512,0.0,-0.0,-0.0,0.8543090817238689,1.2028393,1.2028393,-0.0,0
2019-01-04 06:00:00,3.849010996791735,3.849010996791735,0.0,-0.0,-0.0,0.0,0.0,4.4052643,0.0,-0.0,-0.0,0.9073818416670864,0.55625331,0.55625331,-0.0,0
2019-01-04 07:00:00,4.346226900717556,4.346226900717556,0.0,-0.0,-0.0,0.0,0.0,4.1058774,0.0,-0.24034949,-0.24034949,0.8830094207186564,0.0,0.0,-0.0,0
2019-01-04 08:00:00,4.789582819946393,4.789582819946393,0.0,-0.0,-0.0,0.0,0.0,3.7979366,0.0,-0.99164621,-0.99164621,0.7824524065639715,0.0,0.0,-0.0,0
2019-01-04 09:00:00,4.983113612416909,4.983113612416909,0.0,-0.0,-0.0,0.0,0.0,4.533573,0.0,-0.44954063,-0.44954063,0.7368671290729737,0.0,0.0,-0.0,0
2019-01-04 10:00:00,5.038495065608156,5.038495065608156,0.0,-0.0,-0.0,0.0,0.0,5.2606554,0.0,-0.0,-0.0,0.7580637067049832,0.22216037,0.22216037,-0.0,0
2019-01-04 11:00:00,5.029061960943713,5.029061960943713,0.0,-0.0,-0.0,0.0,0.0,5.9962918,0.0,-0.0,-0.0,0.8503482014705512,0.96722985,0.96722985,-0.0,0
2019-01-04 12:00:00,4.998024003660706,4.998024003660706,0.0,-0.0,-0.0,0.0,0.0,5.7482284,0.0,-0.0,-0.0,0.9219260597128145,0.75020438,0.75020438,-0.0,0
2019-01-04 13:00:00,4.984635080911174,4.984635080911174,0.0,-0.0,-0.0,0.0,0.0,5.5087189,0.0,-0.0,-0.0,0.9719294925465214,0.52408378,0.52408378,-0.0,0
2019-01-04 14:00:00,4.980070675428377,4.980070675428377,0.0,-0.0,-0.0,0.0,0.0,5.2606554,0.0,-0.0,-0.0,0.9987004412912649,0.28058476,0.28058476,-0.0,0
2019-01-04 15:00:00,4.990416661189379,4.990416661189379,0.0,-0.0,-0.0,0.0,0.0,5.0040381,0.0,-0.0,-0.0,1.0,0.013621439,0.013621439,-0.0,0
2019-01-04 16:00:00,5.086877763725784,5.086877763725784,0.0,-0.0,-0.0,0.0,0.0,4.7388669,0.0,-0.34801091,-0.34801091,0.9647102924420216,0.0,0.0,-0.0,0
2019-01-04 17:00:00,5.373522428045321,5.373522428045321,0.0,-0.0,-0.0,0.0,0.0,4.4822495,0.0,-0.89127292,-0.89127292,0.8743315515385391,0.0,0.0,-0.0,0
2019-01-04 18:00:00,5.156865314461977,5.156865314461977,0.0,-0.0,-0.0,0.0,0.0,4.3026174,0.0,-0.85424794,-0.85424794,0.7877072880731751,0.0,0.0,-0.0,0
2019-01-04 19:00:00,4.98037496912723,4.98037496912723,0.0,-0.0,-0.0,0.0,0.0,4.1229852,0.0,-0.85738973,-0.85738973,0.7007644399346562,0.0,0.0,-0.0,0
2019-01-04 20:00:00,4.749111757998943,4.749111757998943,0.0,-0.0,-0.0,0.0,0.0,3.9433531,0.0,-0.80575866,-0.80575866,0.6190571845176642,0.0,0.0,-0.0,0
2019-01-04 21:00:00,4.476768897525497,4.476768897525497,0.0,-0.0,-0.0,0.0,0.0,3.9604609,0.0,-0.51630797,-0.51630797,0.5667014343539899,0.0,0.0,-0.0,0
2019-01-04 22:00:00,4.180995422240371,4.180995422240371,0.0,-0.0,-0.0,0.0,0.0,3.9775687,0.0,-0.20342668,-0.20342668,0.5460731333253594,0.0,0.0,-0.0,0
2019-01-04 23:00:00,3.936951875760256,3.936951875760256,0.0,-0.0,-0.0,0.0,0.0,4.0032305,0.0,-0.0,-0.0,0.5523968458061592,0.066278604,0.066278604,-0.0,0
2019-01-05 00:00:00,3.7072101331262326,3.7072101331262326,0.0,-0.0,-0.0,0.0,0.0,4.0117844,0.0,-0.0,-0.0,0.5814566192115932,0.30457426,0.30457426,-0.0,0
2019-01-05 01:00:00,3.5438044168421667,3.5438044168421667,0.0,-0.0,-0.0,0.0,0.0,4.0117844,0.0,-0.0,-0.0,0.6261071232971571,0.46797997,0.46797997,-0.0,0
2019-01-05 02:00:00,3.4528206008851154,3.4528206008851154,0.0,-0.0,-0.0,0.0,0.0,4.0203383,0.0,-0.0,-0.0,0.6802546356042102,0.5675177,0.5675177,-0.0,0
2019-01-05 03:00:00,3.4071765460571632,3.4071765460571632,0.0,-0.0,-0.0,0.0,0.0,3.8321523,0.0,-0.0,-0.0,0.7208020476607157,0.42497571,0.42497571,-0.0,0
2019-01-05 04:00:00,3.4354758600504947,3.4354758600504947,0.0,-0.0,-0.0,0.0,0.0,3.6439662,0.0,-0.0,-0.0,0.7406943452081183,0.20849035,0.20849035,-0.0,0
2019-01-05 05:00:00,3.570277968642378,3.570277968642378,0.0,-0.0,-0.0,0.0,0.0,3.4557802,0.0,-0.11449781,-0.11449781,0.729083803241382,0.0,0.0,-0.0,0
2019-01-05 06:00:00,3.92721447739696,3.92721447739696,0.0,-0.0,-0.0,0.0,0.0,3.5584271,0.0,-0.36878738,-0.36878738,0.6916872407177751,0.0,0.0,-0.0,0
2019-01-05 07:00:00,4.44055794736199,4.44055794736199,0.0,-0.0,-0.0,0.0,0.0,3.6525201,0.0,-0.78803783,-0.78803783,0.6117769606300204,0.0,0.0,-0.0,0
2019-01-05 08:00:00,4.874480761926383,4.874480761926383,0.0,-0.0,-0.0,0.0,0.0,3.7551671,0.0,-1.1193137,-1.1193137,0.4982739338346385,0.0,0.0,-0.0,0
2019-01-05 09:00:00,5.011717220109091,5.011717220109091,0.0,-0.0,-0.0,0.0,0.0,4.0545539,0.0,-0.95035919,-0.95035919,0.401903599734344,0.0,0.0,0.0068040827,0
2019-01-05 10:00:00,5.01567303819418,5.01567303819418,0.0,-0.0,-0.0,0.0,0.0,4.3539408,0.0,-0.4360913,-0.4360913,0.35768214084493744,0.0,0.0,0.2256409,0
2019-01-05 11:00:00,4.939295319782074,4.939295319782074,0.0,-0.0,-0.0,0.0,0.0,4.6618816,0.0,-0.044698879,-0.044698879,0.3531494921373354,0.0,0.0,0.23271479,0
2019-01-05 12:00:00,4.8364440495697565,4.8364440495697565,0.0,-0.0,-0.0,0.0,0.0,4.4908034,0.0,-0.088997392,-0.088997392,0.3441247887184297,0.0,0.0,0.25664323,0
2019-01-05 13:00:00,4.818186427638576,4.818186427638576,0.0,-0.0,-0.0,0.0,0.0,4.3111713,0.0,-0.16934895,-0.16934895,0.32695210203522773,0.0,0.0,0.33766619,0
2019-01-05 14:00:00,4.805710385985602,4.805710385985602,0.0,-0.0,-0.0,0.0,0.0,4.1400931,0.0,-0.22029756,-0.22029756,0.3046130202956211,0.0,0.0,0.44531976,0
2019-01-05 15:00:00,4.861700426574557,4.861700426574557,0.0,-0.0,-0.0,0.0,0.0,4.336833,0.0,-0.045566425,-0.045566425,0.29999239661760635,0.0,0.0,0.47930098,0
2019-01-05 16:00:00,4.9965025351664405,4.9965025351664405,0.0,-0.0,-0.0,0.0,0.0,4.533573,0.0,-0.0,-0.0,0.3028040152941103,0.029468426,0.029468426,0.49239798,0
2019-01-05 17:00:00,5.319966737047191,5.319966737047191,0.0,-0.0,-0.0,0.0,0.0,4.7303129,0.0,-0.02170865,-0.02170865,0.30060267379384586,0.0,0.0,0.56794515,0
2019-01-05 18:00:00,5.1875989780461325,5.1875989780461325,0.0,-0.0,-0.0,0.0,0.0,5.1409007,0.0,-0.0,-0.0,0.33270636740488,0.33647747,0.33647747,0.38317577,0
2019-01-05 19:00:00,5.023584674364358,5.023584674364358,0.0,-0.0,-0.0,0.0,0.0,5.5514884,0.0,-0.0,-0.0,0.3896939446780651,0.59728427,0.59728427,0.069380523,0
2019-01-05 20:00:00,4.807231854479867,4.807231854479867,0.0,-0.0,-0.0,0.0,0.0,5.9620762,1.0993443,-0.0,-0.0,0.3949892529681716,0.055499967,0.055499967,-0.0,0
2019-01-05 21:00:00,4.541583455381189,4.541583455381189,0.0,-0.0,-0.0,0.0,0.0,6.4068796,1.9715555,-0.10625936,-0.10625936,0.3842141191171657,0.0,0.0,-0.0,0
2019-01-05 22:00:00,4.230899588852265,4.230899588852265,0.0,-0.0,-0.0,0.0,0.0,6.8602368,2.7536108,-0.12427355,-0.12427355,0.3716122652689296,0.0,0.0,-0.0,0
2019-01-05 23:00:00,3.973467119622618,3.973467119622618,0.0,-0.0,-0.0,0.0,0.0,7.3135941,3.4431,-0.10297299,-0.10297299,0.36117038186488054,0.0,0.0,-0.0,0
2019-01-06 00:00:00,3.733379391227592,3.733379391227592,0.0,-0.0,-0.0,0.0,0.0,7.4504567,3.8131124,-0.096035091,-0.096035091,0.3514320326467404,0.0,0.0,-0.0,0
2019-01-06 01:00:00,3.5806239544033804,3.5806239544033804,0.0,-0.0,-0.0,0.0,0.0,7.5787654,4.0592436,-0.061102175,-0.061102175,0.3452360137108756,0.0,0.0,-0.0,0
2019-01-06 02:00:00,3.4966388935199495,3.4966388935199495,0.0,-0.0,-0.0,0.0,0.0,7.715628,4.2525831,-0.033594024,-0.033594024,0.34182944265731624,0.0,0.0,-0.0,0
2019-01-06 03:00:00,3.4637751740438234,3.4637751740438234,0.0,-0.0,-0.0,0.0,0.0,7.7241819,4.2604067,-0.0,-0.0,0.34182944265731624,0.0,0.0,-0.0,0
2019-01-06 04:00:00,3.4811199148784455,3.4811199148784455,0.0,-0.0,-0.0,0.0,0.0,7.7412897,4.2663774,-0.0062075915,-0.0062075915,0.34119996521919776,0.0,0.0,-0.0,0
2019-01-06 05:00:00,3.613791967578359,3.613791967578359,0.0,-0.0,-0.0,0.0,0.0,7.7498436,3.9364448,-0.0,-0.0,0.36024468727180015,0.19960683,0.19960683,-0.0,0
2019-01-06 06:00:00,3.950645092208641,3.950645092208641,0.0,-0.0,-0.0,0.0,0.0,7.7669514,3.8163064,-0.0,-0.0,0.36024468727180015,0.0,0.0,-0.0,0
2019-01-06 07:00:00,4.455164044906933,4.455164044906933,0.0,-0.0,-0.0,0.0,0.0,7.7755054,2.9243617,-0.0,-0.0,0.39802555011897867,0.3959796,0.3959796,-0.0,0
2019-01-06 08:00:00,4.882088104397709,4.882088104397709,0.0,-0.0,-0.0,0.0,0.0,7.7840593,2.9019712,-0.0,-0.0,0.39802555011897867,0.0,0.0,-0.0,0
2019-01-06 09:00:00,5.056752687539337,5.056752687539337,0.0,-0.0,-0.0,0.0,0.0,7.4076872,2.269824,-0.0,-0.0,0.4057643966553774,0.08111049,0.08111049,-0.0,0
2019-01-06 10:00:00,5.072880253578546,5.072880253578546,0.0,-0.0,-0.0,0.0,0.0,7.0227612,1.9498809,-0.0,-0.0,0.4057643966553774,0.0,0.0,-0.0,0
2019-01-06 11:00:00,5.041842296295539,5.041842296295539,0.0,-0.0,-0.0,0.0,0.0,6.6463891,1.616962,-0.012415183,-0.012415183,0.4045054417791404,0.0,0.0,-0.0,0
2019-01-06 12:00:00,4.956640060616696,4.956640060616696,0.0,-0.0,-0.0,0.0,0.0,6.5950656,1.6725064,-0.034080894,-0.034080894,0.4010495028391207,0.0,0.0,-0.0,0
2019-01-06 13:00:00,4.92073340415204,4.92073340415204,0.0,-0.0,-0.0,0.0,0.0,6.5437421,1.6373714,-0.014362663,-0.014362663,0.3995930665808426,0.0,0.0,-0.0,0
2019-01-06 14:00:00,4.910083124692185,4.910083124692185,0.0,-0.0,-0.0,0.0,0.0,6.4924187,1.5823355,-0.0,-0.0,0.3995930665808426,0.0,0.0,-0.0,0
2019-01-06 15:00:00,4.9435554315660175,4.9435554315660175,0.0,-0.0,-0.0,0.0,0.0,6.5779578,1.6247001,-0.0,-0.0,0.4005187611739229,0.0097022117,0.0097022117,-0.0,0
2019-01-06 16:00:00,5.042755177392099,5.042755177392099,0.0,-0.0,-0.0,0.0,0.0,6.6720508,1.5871233,-0.0,-0.0,0.40454246523493564,0.04217228,0.04217228,-0.0,0
2019-01-06 17:00:00,5.353439043921022,5.353439043921022,0.0,-0.0,-0.0,0.0,0.0,6.7575899,1.2720714,-0.0,-0.0,0.41714431908317173,0.13207944,0.13207944,-0.0,0
2019-01-06 18:00:00,5.181208810370218,5.181208810370218,0.0,-0.0,-0.0,0.0,0.0,6.749036,1.6367193,-0.068892093,-0.068892093,0.41015837461914234,0.0,0.0,-0.0,0
2019-01-06 19:00:00,4.985547962007732,4.985547962007732,0.0,-0.0,-0.0,0.0,0.0,6.749036,1.8417524,-0.078264339,-0.078264339,0.4022220467007026,0.0,0.0,-0.0,0
2019-01-06 20:00:00,4.737548597442528,4.737548597442528,0.0,-0.0,-0.0,0.0,0.0,6.7404821,2.1021332,-0.099199746,-0.099199746,0.39216279146627053,0.0,0.0,-0.0,0
2019-01-06 21:00:00,4.432950604890665,4.432950604890665,0.0,-0.0,-0.0,0.0,0.0,6.3298943,2.0187829,-0.1218392,-0.1218392,0.37980778688653594,0.0,0.0,-0.0,0
2019-01-06 22:00:00,4.180386834842665,4.180386834842665,0.0,-0.0,-0.0,0.0,0.0,5.9193066,1.8399453,-0.10102551,-0.10102551,0.369563384864528,0.0,0.0,-0.0,0
2019-01-06 23:00:00,3.957035259884554,3.957035259884554,0.0,-0.0,-0.0,0.0,0.0,5.5087189,1.6410242,-0.08934063,-0.08934063,0.3605038809709667,0.0,0.0,-0.0,0
2019-01-07 00:00:00,3.7403781463012113,3.7403781463012113,0.0,-0.0,-0.0,0.0,0.0,5.7311206,2.0774053,-0.086662845,-0.086662845,0.35171591520723694,0.0,0.0,-0.0,0
2019-01-07 01:00:00,3.5641920946653176,3.5641920946653176,0.0,-0.0,-0.0,0.0,0.0,5.9620762,2.4683585,-0.070474421,-0.070474421,0.3445695128169617,0.0,0.0,-0.0,0
2019-01-07 02:00:00,3.468643873225472,3.468643873225472,0.0,-0.0,-0.0,0.0,0.0,6.1844779,2.7540533,-0.038219289,-0.038219289,0.3406939222515297,0.0,0.0,-0.0,0
2019-01-07 03:00:00,3.4184354129147247,3.4184354129147247,0.0,-0.0,-0.0,0.0,0.0,6.2186935,2.8203415,-0.020083384,-0.020083384,0.3386573862777932,0.0,0.0,-0.0,0
2019-01-07 04:00:00,3.39774344139272,3.39774344139272,0.0,-0.0,-0.0,0.0,0.0,6.2529091,2.8634425,-0.0082767886,-0.0082767886,0.33781808302696853,0.0,0.0,-0.0,0
2019-01-07 05:00:00,3.4290856923745805,3.4290856923745805,0.0,-0.0,-0.0,0.0,0.0,6.2871248,2.7908998,-0.0,-0.0,0.34422391793933976,0.067139305,0.067139305,-0.0,0
2019-01-07 06:00:00,3.5556718710974327,3.5556718710974327,0.0,-0.0,-0.0,0.0,0.0,6.3812178,2.8255459,-0.0,-0.0,0.34422391793933976,0.0,0.0,-0.0,0
2019-01-07 07:00:00,3.7890651381176927,3.7890651381176927,0.0,-0.0,-0.0,0.0,0.0,6.4667569,2.4382412,-0.0,-0.0,0.3670701738095838,0.23945058,0.23945058,-0.0,0
2019-01-07 08:00:00,4.118919507674356,4.118919507674356,0.0,-0.0,-0.0,0.0,0.0,6.56085,2.4419304,-0.0,-0.0,0.3670701738095838,0.0,0.0,-0.0,0
2019-01-07 09:00:00,4.414997276658336,4.414997276658336,0.0,-0.0,-0.0,0.0,0.0,6.1930318,1.5707953,-0.0,-0.0,0.3868430992370257,0.20723924,0.20723924,-0.0,0
2019-01-07 10:00:00,4.6063980132368805,4.6063980132368805,0.0,-0.0,-0.0,0.0,0.0,5.8252136,1.2188156,-0.0,-0.0,0.3868430992370257,0.0,0.0,-0.0,0
2019-01-07 11:00:00,4.68825301822834,4.68825301822834,0.0,-0.0,-0.0,0.0,0.0,5.4659493,0.73914617,-0.0,-0.0,0.39052121825661623,0.038550121,0.038550121,-0.0,0
2019-01-07 12:00:00,4.697077535495078,4.697077535495078,0.0,-0.0,-0.0,0.0,0.0,5.5685962,0.87151871,-0.0,-0.0,0.39052121825661623,0.0,0.0,-0.0,0
2019-01-07 13:00:00,4.650520599570568,4.650520599570568,0.0,-0.0,-0.0,0.0,0.0,5.6712432,1.0393454,-0.018622774,-0.018622774,0.38863278594226075,0.0,0.0,-0.0,0
2019-01-07 14:00:00,4.602746488850644,4.602746488850644,0.0,-0.0,-0.0,0.0,0.0,5.782444,1.1988072,-0.019109644,-0.019109644,0.3866949955776446,0.0,0.0,-0.0,0
2019-01-07 15:00:00,4.567144126084842,4.567144126084842,0.0,-0.0,-0.0,0.0,0.0,5.4830571,0.82135044,-0.0,-0.0,0.3957173186362149,0.09456257,0.09456257,-0.0,0
2019-01-07 16:00:00,4.6203955233841185,4.6203955233841185,0.0,-0.0,-0.0,0.0,0.0,5.1922241,0.57182862,-0.0,-0.0,0.3957173186362149,0.0,0.0,-0.0,0
2019-01-07 17:00:00,4.872654999733265,4.872654999733265,0.0,-0.0,-0.0,0.0,0.0,4.8928373,0.0,-0.0,-0.0,0.39764292194936174,0.020182254,0.020182254,-0.0,0
2019-01-07 18:00:00,4.738765772237939,4.738765772237939,0.0,-0.0,-0.0,0.0,0.0,4.8158521,0.13064197,-0.053555691,-0.053555691,0.39221215935273085,0.0,0.0,-0.0,0
2019-01-07 19:00:00,4.577794405544697,4.577794405544697,0.0,-0.0,-0.0,0.0,0.0,4.7303129,0.21690708,-0.064388547,-0.064388547,0.38568288996990907,0.0,0.0,-0.0,0
2019-01-07 20:00:00,4.383959319375329,4.383959319375329,0.0,-0.0,-0.0,0.0,0.0,4.6447738,0.33834854,-0.077534034,-0.077534034,0.37782062863545945,0.0,0.0,-0.0,0
2019-01-07 21:00:00,4.15056605235507,4.15056605235507,0.0,-0.0,-0.0,0.0,0.0,4.4651417,0.31457564,-0.0,-0.0,0.37782062863545945,0.0,0.0,-0.0,0
2019-01-07 22:00:00,3.950949385907495,3.950949385907495,0.0,-0.0,-0.0,0.0,0.0,4.2769556,0.49921023,-0.17320397,-0.17320397,0.3602570317024652,0.0,0.0,-0.0,0
2019-01-07 23:00:00,3.736118034517269,3.736118034517269,0.0,-0.0,-0.0,0.0,0.0,4.0973235,0.44713801,-0.085932541,-0.085932541,0.3515431128503261,0.0,0.0,-0.0,0
2019-01-08 00:00:00,3.5358927806719875,3.5358927806719875,0.0,-0.0,-0.0,0.0,0.0,4.9441607,1.488358,-0.080090102,-0.080090102,0.34342164798051017,0.0,0.0,-0.0,0
2019-01-08 01:00:00,3.391048980017955,3.391048980017955,0.0,-0.0,-0.0,0.0,0.0,5.7909979,2.4578865,-0.05793752,-0.05793752,0.337546544897137,0.0,0.0,-0.0,0
2019-01-08 02:00:00,3.2784603114423403,3.2784603114423403,0.0,-0.0,-0.0,0.0,0.0,6.6463891,3.4129642,-0.045035467,-0.045035467,0.3329797645764611,0.0,0.0,-0.0,0
2019-01-08 03:00:00,3.2142543409843554,3.2142543409843554,0.0,-0.0,-0.0,0.0,0.0,6.0647231,1.8746201,-0.0,-0.0,0.42608659514831415,0.97584866,0.97584866,-0.0,0
2019-01-08 04:00:00,3.1984310686439987,3.1984310686439987,0.0,-0.0,-0.0,0.0,0.0,5.491611,2.29318,-0.0,-0.0,0.42608659514831415,0.0,0.0,-0.0,0
2019-01-08 05:00:00,3.2270346763361815,3.2270346763361815,0.0,-0.0,-0.0,0.0,0.0,4.918499,0.0,-0.0,-0.0,0.5874711307537834,1.6914643,1.6914643,-0.0,0
2019-01-08 06:00:00,3.315584142702408,3.315584142702408,0.0,-0.0,-0.0,0.0,0.0,4.6105582,0.0,-0.0,-0.0,0.7110260749785965,1.294974,1.294974,-0.0,0
2019-01-08 07:00:00,3.4497776638965854,3.4497776638965854,0.0,-0.0,-0.0,0.0,0.0,4.3026174,0.0,-0.0,-0.0,0.7923964798995291,0.85283971,0.85283971,-0.0,0
2019-01-08 08:00:00,3.6536544421281034,3.6536544421281034,0.0,-0.0,-0.0,0.0,0.0,4.0032305,0.0,-0.0,-0.0,0.8257499217038501,0.34957604,0.34957604,-0.0,0
2019-01-08 09:00:00,3.8502281715871485,3.8502281715871485,0.0,-0.0,-0.0,0.0,0.0,4.3026174,0.0,-0.0,-0.0,0.8689128973037796,0.4523892,0.4523892,-0.0,0
2019-01-08 10:00:00,4.013025300473508,4.013025300473508,0.0,-0.0,-0.0,0.0,0.0,4.6020043,0.0,-0.0,-0.0,0.925108050654068,0.58897897,0.58897897,-0.0,0
2019-01-08 11:00:00,4.125005381651417,4.125005381651417,0.0,-0.0,-0.0,0.0,0.0,4.9099451,0.0,-0.0,-0.0,1.0,0.78493969,0.78493969,-0.0,0
2019-01-08 12:00:00,4.204426037052053,4.204426037052053,0.0,-0.0,-0.0,0.0,0.0,4.1058774,0.0,-0.098548622,-0.098548622,0.9900068145191752,0.0,0.0,-0.0,0
2019-01-08 13:00:00,4.212033379523378,4.212033379523378,0.0,-0.0,-0.0,0.0,0.0,3.3018098,0.0,-0.91022362,-0.91022362,0.8977063752738399,0.0,0.0,-0.0,0
2019-01-08 14:00:00,4.186472708819725,4.186472708819725,0.0,-0.0,-0.0,0.0,0.0,2.4977421,0.0,-1.6887306,-1.6887306,0.7264621314179236,0.0,0.0,-0.0,0
2019-01-08 15:00:00,4.170040849081662,4.170040849081662,0.0,-0.0,-0.0,0.0,0.0,2.2924482,0.0,-1.8775926,-1.8775926,0.5360665017594994,0.0,0.0,-0.0,0
2019-01-08 16:00:00,4.279890874367599,4.279890874367599,0.0,-0.0,-0.0,0.0,0.0,2.0871544,0.0,-1.9958824,-1.9958824,0.33367580357817345,0.0,0.0,0.19685411,0
2019-01-08 17:00:00,4.624351341469208,4.624351341469208,0.0,-0.0,-0.0,0.0,0.0,1.8733066,0.0,-1.1825221,-1.1825221,0.21376318444212222,0.0,0.0,1.5685226,0
2019-01-08 18:00:00,4.586923216510288,4.586923216510288,0.0,-0.0,-0.0,0.0,0.0,2.31811,0.0,-0.13572598,-0.13572598,0.20000000983619975,0.0,0.0,2.1330873,0
2019-01-08 19:00:00,4.473117373139261,4.473117373139261,0.0,-0.0,-0.0,0.0,0.0,2.7629133,0.0,-0.0,-0.0,0.20000000983619975,0.0,0.0,1.710204,0
2019-01-08 20:00:00,4.309103069457489,4.309103069457489,0.0,-0.0,-0.0,0.0,0.0,3.2077167,0.0,-0.0,-0.0,0.20000000983619975,0.0,0.0,1.1013863,0
2019-01-08 21:00:00,4.115876570685827,4.115876570685827,0.0,-0.0,-0.0,0.0,0.0,3.7722749,0.0,-0.0,-0.0,0.23111746704479644,0.32614072,0.32614072,0.66974241,0
2019-01-08 22:00:00,3.889786352438039,3.889786352438039,0.0,-0.0,-0.0,0.0,0.0,4.3453869,0.0,-0.0,-0.0,0.3012021016417798,0.73455401,0.73455401,0.27895343,0
2019-01-08 23:00:00,3.6372225823900397,3.6372225823900397,0.0,-0.0,-0.0,0.0,0.0,4.9099451,0.78714341,-0.0,-0.0,0.34753175321997837,0.48557908,0.48557908,-0.0,0
2019-01-09 00:00:00,3.450994838691998,3.450994838691998,0.0,-0.0,-0.0,0.0,0.0,4.8415138,1.46501,-0.074491097,-0.074491097,0.3399780436349558,0.0,0.0,-0.0,0
2019-01-09 01:00:00,3.3469263936842677,3.3469263936842677,0.0,-0.0,-0.0,0.0,0.0,4.7730825,1.4677835,-0.041627378,-0.041627378,0.33575685819190193,0.0,0.0,-0.0,0
2019-01-09 02:00:00,3.2891105909021965,3.2891105909021965,0.0,-0.0,-0.0,0.0,0.0,4.7046512,1.4386669,-0.023126321,-0.023126321,0.3334117507963388,0.0,0.0,-0.0,0
2019-01-09 03:00:00,3.2641585075962483,3.2641585075962483,0.0,-0.0,-0.0,0.0,0.0,5.2692093,1.9992295,-0.0,-0.0,0.3339671714866668,0.005821327,0.005821327,-0.0,0
2019-01-09 04:00:00,3.302803807350582,3.302803807350582,0.0,-0.0,-0.0,0.0,0.0,5.8337675,2.5309637,-0.0,-0.0,0.3339671714866668,0.0,0.0,-0.0,0
2019-01-09 05:00:00,3.4692524606231787,3.4692524606231787,0.0,-0.0,-0.0,0.0,0.0,6.3983256,2.6730642,-0.0,-0.0,0.3583932882494397,0.25600903,0.25600903,-0.0,0
2019-01-09 06:00:00,3.905001037380689,3.905001037380689,0.0,-0.0,-0.0,0.0,0.0,6.8858986,2.9808975,-0.0,-0.0,0.3583932882494397,0.0,0.0,-0.0,0
2019-01-09 07:00:00,4.552538028539897,4.552538028539897,0.0,-0.0,-0.0,0.0,0.0,7.3820254,2.3609353,-0.0,-0.0,0.4030983832435223,0.46855214,0.46855214,-0.0,0
2019-01-09 08:00:00,5.007152814626296,5.007152814626296,0.0,-0.0,-0.0,0.0,0.0,7.8695984,2.8624456,-0.0,-0.0,0.4030983832435223,0.0,0.0,-0.0,0
2019-01-09 09:00:00,5.140737748422767,5.140737748422767,0.0,-0.0,-0.0,0.0,0.0,7.9123679,2.7050083,-0.0,-0.0,0.4094548502694332,0.066621854,0.066621854,-0.0,0
2019-01-09 10:00:00,5.163864069535597,5.163864069535597,0.0,-0.0,-0.0,0.0,0.0,7.9551375,2.7912734,-0.0,-0.0,0.4094548502694332,0.0,0.0,-0.0,0
2019-01-09 11:00:00,5.172079999404628,5.172079999404628,0.0,-0.0,-0.0,0.0,0.0,7.997907,2.8223343,-0.0,-0.0,0.40978810071639016,0.0034927962,0.0034927962,-0.0,0
2019-01-09 12:00:00,5.1449978602067095,5.1449978602067095,0.0,-0.0,-0.0,0.0,0.0,8.0577844,2.9236194,-0.010832856,-0.010832856,0.4086896037663989,0.0,0.0,-0.0,0
2019-01-09 13:00:00,5.183947453659895,5.183947453659895,0.0,-0.0,-0.0,0.0,0.0,8.1176618,0.0,-0.0,-0.0,0.6885986248205878,2.9337144,2.9337144,-0.0,0
2019-01-09 14:00:00,5.154735258570007,5.154735258570007,0.0,-0.0,-0.0,0.0,0.0,8.1775392,2.4417216,-0.0,-0.0,0.7440403449437213,0.58108228,0.58108228,-0.0,0
2019-01-09 15:00:00,5.155343845967712,5.155343845967712,0.0,-0.0,-0.0,0.0,0.0,7.0826385,0.0,-0.0,-0.0,0.9279257284296075,1.9272947,1.9272947,-0.0,0
2019-01-09 16:00:00,5.232330151777524,5.232330151777524,0.0,-0.0,-0.0,0.0,0.0,5.9877379,0.0,-0.0,-0.0,1.0,0.75540775,0.75540775,-0.0,0
2019-01-09 17:00:00,5.418862189174421,5.418862189174421,0.0,-0.0,-0.0,0.0,0.0,4.8928373,0.0,-0.52602494,-0.52602494,0.946658938036663,0.0,0.0,-0.0,0
2019-01-09 18:00:00,5.215898292039461,5.215898292039461,0.0,-0.0,-0.0,0.0,0.0,4.7303129,0.0,-0.48558535,-0.48558535,0.8974185877420493,0.0,0.0,-0.0,0
2019-01-09 19:00:00,5.032104897932242,5.032104897932242,0.0,-0.0,-0.0,0.0,0.0,4.5677886,0.0,-0.46431627,-0.46431627,0.8503350012905094,0.0,0.0,-0.0,0
2019-01-09 20:00:00,4.776498190895714,4.776498190895714,0.0,-0.0,-0.0,0.0,0.0,4.3967104,0.0,-0.37978779,-0.37978779,0.8118229546999725,0.0,0.0,-0.0,0
2019-01-09 21:00:00,4.491679288769296,4.491679288769296,0.0,-0.0,-0.0,0.0,0.0,4.3967104,0.0,-0.09496889,-0.09496889,0.8021927151530984,0.0,0.0,-0.0,0
2019-01-09 22:00:00,4.190732820603667,4.190732820603667,0.0,-0.0,-0.0,0.0,0.0,4.3881565,0.0,-0.0,-0.0,0.8210291360039534,0.19742367,0.19742367,-0.0,0
2019-01-09 23:00:00,3.937560463157962,3.937560463157962,0.0,-0.0,-0.0,0.0,0.0,4.3796026,0.0,-0.0,-0.0,0.8632048719090727,0.44204211,0.44204211,-0.0,0
2019-01-10 00:00:00,3.6968641473652304,3.6968641473652304,0.0,-0.0,-0.0,0.0,0.0,4.0802157,0.0,-0.0,-0.0,0.8997808789785461,0.38335153,0.38335153,-0.0,0
2019-01-10 01:00:00,3.5520203467111973,3.5520203467111973,0.0,-0.0,-0.0,0.0,0.0,3.7893827,0.0,-0.0,-0.0,0.9224278927869967,0.23736235,0.23736235,-0.0,0
2019-01-10 02:00:00,3.474729747202532,3.474729747202532,0.0,-0.0,-0.0,0.0,0.0,3.4899958,0.0,-0.0,-0.0,0.9238844470796717,0.015266056,0.015266056,-0.0,0
2019-01-10 03:00:00,3.435780153749347,3.435780153749347,0.0,-0.0,-0.0,0.0,0.0,3.6183045,0.0,-0.0,-0.0,0.9412993010003022,0.18252432,0.18252432,-0.0,0
2019-01-10 04:00:00,3.440953146629848,3.440953146629848,0.0,-0.0,-0.0,0.0,0.0,3.7551671,0.0,-0.0,-0.0,0.9712788082617783,0.31421391,0.31421391,-0.0,0
2019-01-10 05:00:00,3.582449716596498,3.582449716596498,0.0,-0.0,-0.0,0.0,0.0,3.8834757,0.0,-0.0,-0.0,1.0,0.30102601,0.30102601,-0.0,0
2019-01-10 06:00:00,3.99294191634921,3.99294191634921,0.0,-0.0,-0.0,0.0,0.0,3.857814,0.0,-1.6420957e-15,-1.6420957e-15,1.0,0.0,0.0,0.13512793,0
2019-01-10 07:00:00,4.63561020832677,4.63561020832677,0.0,-0.0,-0.0,0.0,0.0,3.8407062,0.0,-0.0,-0.0,1.0,0.0,0.0,0.79490404,0
2019-01-10 08:00:00,5.041233708897833,5.041233708897833,0.0,-0.0,-0.0,0.0,0.0,3.8235983,0.0,-0.0,-0.0,1.0,0.0,0.0,1.2176354,0
2019-01-10 09:00:00,5.132826112252589,5.132826112252589,0.0,-0.0,-0.0,0.0,0.0,4.1315391,0.0,-0.0,-0.0,1.0,0.0,0.0,1.001287,0
2019-01-10 10:00:00,5.11578566511682,5.11578566511682,0.0,-0.0,-0.0,0.0,0.0,4.43948,0.0,-0.0,-0.0,1.0,0.0,0.0,0.67630571,0
2019-01-10 11:00:00,5.093876518799404,5.093876518799404,0.0,-0.0,-0.0,0.0,0.0,4.7388669,0.0,-0.0,-0.0,1.0,0.0,0.0,0.35500967,0
2019-01-10 12:00:00,5.037277890812744,5.037277890812744,0.0,-0.0,-0.0,0.0,0.0,4.4736956,0.0,-0.0,-0.0,1.0,0.0,0.0,0.56358229,0
2019-01-10 13:00:00,5.03088772313683,5.03088772313683,0.0,-0.0,-0.0,0.0,0.0,4.1999704,0.0,-0.0,-0.0,1.0,0.0,0.0,0.83091728,0
2019-01-10 14:00:00,5.014760157097621,5.014760157097621,0.0,-0.0,-0.0,0.0,0.0,3.9262453,0.0,-0.0,-0.0,1.0,0.0,0.0,1.0885149,0
2019-01-10 15:00:00,5.019324562580415,5.019324562580415,0.0,-0.0,-0.0,0.0,0.0,3.5755349,0.0,-0.0,-0.0,1.0,0.0,0.0,1.4437896,0
2019-01-10 16:00:00,5.100266686475317,5.100266686475317,0.0,-0.0,-0.0,0.0,0.0,3.2248246,0.0,-0.0,-0.0,1.0,0.0,0.0,1.8754421,0
2019-01-10 17:00:00,5.362872148585466,5.362872148585466,0.0,-0.0,-0.0,0.0,0.0,2.8826681,0.0,-0.34711677,-0.34711677,0.9648009625311611,0.0,0.0,2.1330873,0
2019-01-10 18:00:00,5.195814907915164,5.195814907915164,0.0,-0.0,-0.0,0.0,0.0,2.9083298,0.0,-0.15439779,-0.15439779,0.9491443981662177,0.0,0.0,2.1330873,0
2019-01-10 19:00:00,5.034843541221919,5.034843541221919,0.0,-0.0,-0.0,0.0,0.0,2.9425455,0.0,-0.0,-0.0,0.9491443981662177,0.0,0.0,2.0922981,0
2019-01-10 20:00:00,4.786844176656715,4.786844176656715,0.0,-0.0,-0.0,0.0,0.0,2.9767611,0.0,-0.0,-0.0,0.9491443981662177,0.0,0.0,1.8100831,0
2019-01-10 21:00:00,4.509632617001623,4.509632617001623,0.0,-0.0,-0.0,0.0,0.0,2.9938689,0.0,-0.0,-0.0,0.9491443981662177,0.0,0.0,1.5157637,0
2019-01-10 22:00:00,4.192862876495638,4.192862876495638,0.0,-0.0,-0.0,0.0,0.0,3.0195307,0.0,-0.0,-0.0,0.9491443981662177,0.0,0.0,1.1733322,0
2019-01-10 23:00:00,3.92417154040843,3.92417154040843,0.0,-0.0,-0.0,0.0,0.0,3.0451924,0.0,-0.0,-0.0,0.9491443981662177,0.0,0.0,0.87897912,0
2019-01-11 00:00:00,3.68164946242258,3.68164946242258,0.0,-0.0,-0.0,0.0,0.0,2.7543594,0.0,-0.0,-0.0,0.9491443981662177,0.0,0.0,0.92729003,0
2019-01-11 01:00:00,3.518243746138513,3.518243746138513,0.0,-0.0,-0.0,0.0,0.0,2.4720804,0.0,-0.0,-0.0,0.9491443981662177,0.0,0.0,1.0461634,0
2019-01-11 02:00:00,3.4321286293631106,3.4321286293631106,0.0,-0.0,-0.0,0.0,0.0,2.1812474,0.0,-0.0,-0.0,0.9491443981662177,0.0,0.0,1.2508813,0
2019-01-11 03:00:00,3.397439147693868,3.397439147693868,0.0,-0.0,-0.0,0.0,0.0,2.1983552,0.0,-0.0,-0.0,0.9491443981662177,0.0,0.0,1.1990839,0
2019-01-11 04:00:00,3.4226955246986677,3.4226955246986677,0.0,-0.0,-0.0,0.0,0.0,2.2069091,0.0,-0.0,-0.0,0.9491443981662177,0.0,0.0,1.2157864,0
2019-01-11 05:00:00,3.575450961522879,3.575450961522879,0.0,-0.0,-0.0,0.0,0.0,2.215463,0.0,-0.0,-0.0,0.9491443981662177,0.0,0.0,1.3599879,0
2019-01-11 06:00:00,3.9819873431905015,3.9819873431905015,0.0,-0.0,-0.0,0.0,0.0,2.5918351,0.0,-0.0,-0.0,0.9491443981662177,0.0,0.0,1.3901522,0
2019-01-11 07:00:00,4.624047047770356,4.624047047770356,0.0,-0.0,-0.0,0.0,0.0,2.9596533,0.0,-0.0,-0.0,0.9491443981662177,0.0,0.0,1.6643937,0
2019-01-11 08:00:00,5.074706015771664,5.074706015771664,0.0,-0.0,-0.0,0.0,0.0,3.3274715,0.0,-0.0,-0.0,0.9491443981662177,0.0,0.0,1.7472345,0
2019-01-11 09:00:00,5.2186369353291395,5.2186369353291395,0.0,-0.0,-0.0,0.0,0.0,3.8150444,0.0,-0.0,-0.0,0.9491443981662177,0.0,0.0,1.4035925,0
2019-01-11 10:00:00,5.246023368225909,5.246023368225909,0.0,-0.0,-0.0,0.0,0.0,4.3026174,0.0,-0.0,-0.0,0.9491443981662177,0.0,0.0,0.94340599,0
2019-01-11 11:00:00,5.2140725298463435,5.2140725298463435,0.0,-0.0,-0.0,0.0,0.0,4.7901903,0.0,-0.0,-0.0,0.9491443981662177,0.0,0.0,0.42388221,0
2019-01-11 12:00:00,5.1020924486684365,5.1020924486684365,0.0,-0.0,-0.0,0.0,0.0,4.5421269,0.0,-0.0,-0.0,0.9491443981662177,0.0,0.0,0.55996556,0
2019-01-11 13:00:00,5.063447148914103,5.063447148914103,0.0,-0.0,-0.0,0.0,0.0,4.2855096,0.0,-0.0,-0.0,0.9491443981662177,0.0,0.0,0.7779376,0
2019-01-11 14:00:00,5.0719673724819865,5.0719673724819865,0.0,-0.0,-0.0,0.0,0.0,4.0374461,0.0,-0.0,-0.0,0.9606434468089795,0.12052105,0.12052105,1.1550423,0
2019-01-11 15:00:00,5.090833581810873,5.090833581810873,0.0,-0.0,-0.0,0.0,0.0,3.370241,0.0,-0.0,-0.0,1.0,0.41249474,0.41249474,2.1330873,0
2019-01-11 16:00:00,5.148345090894092,5.148345090894092,0.0,-0.0,-0.0,0.0,0.0,2.6944821,0.0,-0.32077576,-0.32077576,0.9674720514220785,0.0,0.0,2.1330873,0
2019-01-11 17:00:00,5.435902636310188,5.435902636310188,0.0,-0.0,-0.0,0.0,0.0,2.027277,0.0,-1.2755384,-1.2755384,0.8381272052759803,0.0,0.0,2.1330873,0
2019-01-11 18:00:00,5.258195116180031,5.258195116180031,0.0,-0.0,-0.0,0.0,0.0,2.0187231,0.0,-1.1063848,-1.1063848,0.7259352258706218,0.0,0.0,2.1330873,0
2019-01-11 19:00:00,5.062838561516397,5.062838561516397,0.0,-0.0,-0.0,0.0,0.0,2.0016152,0.0,-0.92813604,-0.92813604,0.6318184143101755,0.0,0.0,2.1330873,0
2019-01-11 20:00:00,4.816360665445457,4.816360665445457,0.0,-0.0,-0.0,0.0,0.0,1.9930613,0.0,-0.69021206,-0.69021206,0.5618280596876337,0.0,0.0,2.1330873,0
2019-01-11 21:00:00,4.549190797852514,4.549190797852514,0.0,-0.0,-0.0,0.0,0.0,2.1898013,0.0,-0.22630223,-0.22630223,0.53888008767595,0.0,0.0,2.1330873,0
2019-01-11 22:00:00,4.205034624449758,4.205034624449758,0.0,-0.0,-0.0,0.0,0.0,2.3779873,0.0,-0.0,-0.0,0.568079712169189,0.30603999,0.30603999,2.1330873,0
2019-01-11 23:00:00,3.9348218198682847,3.9348218198682847,0.0,-0.0,-0.0,0.0,0.0,2.5747273,0.0,-0.0,-0.0,0.6418318230176516,0.77299276,0.77299276,2.1330873,0
2019-01-12 00:00:00,3.689256804893905,3.689256804893905,0.0,-0.0,-0.0,0.0,0.0,2.2240169,0.0,-0.0,-0.0,0.7055519052325435,0.66784741,0.66784741,2.1330873,0
2019-01-12 01:00:00,3.5225038579224552,3.5225038579224552,0.0,-0.0,-0.0,0.0,0.0,1.8818605,0.0,-0.0,-0.0,0.7525365395147685,0.4924439,0.4924439,2.1330873,0
2019-01-12 02:00:00,3.441257440328701,3.441257440328701,0.0,-0.0,-0.0,0.0,0.0,1.5311501,0.0,-0.0,-0.0,0.7738113149346562,0.22297996,0.22297996,2.1330873,0
2019-01-12 03:00:00,3.4080894271537234,3.4080894271537234,0.0,-0.0,-0.0,0.0,0.0,1.6509049,0.0,-0.0,-0.0,0.8096766172286154,0.37590273,0.37590273,2.1330873,0
2019-01-12 04:00:00,3.4266513427837566,3.4266513427837566,0.0,-0.0,-0.0,0.0,0.0,1.7621057,0.0,-0.0,-0.0,0.854380708930325,0.46854166,0.46854166,2.1330873,0
2019-01-12 05:00:00,3.5584105143871105,3.5584105143871105,0.0,-0.0,-0.0,0.0,0.0,1.8733066,0.0,-0.0,-0.0,0.8971233148622617,0.44798334,0.44798334,2.1330873,0
2019-01-12 06:00:00,3.9898989793606794,3.9898989793606794,0.0,-0.0,-0.0,0.0,0.0,1.9845074,0.0,-0.0,-0.0,0.909306903989248,0.12769572,0.12769572,2.1330873,0
2019-01-12 07:00:00,4.64778195628089,4.64778195628089,0.0,-0.0,-0.0,0.0,0.0,2.0871544,0.0,-0.42754032,-0.42754032,0.8659525552873115,0.0,0.0,2.1330873,0
2019-01-12 08:00:00,5.060404211925571,5.060404211925571,0.0,-0.0,-0.0,0.0,0.0,2.1983552,0.0,-0.72896173,-0.72896173,0.7920328257591972,0.0,0.0,2.1330873,0
2019-01-12 09:00:00,5.130391762661765,5.130391762661765,0.0,-0.0,-0.0,0.0,0.0,2.2069091,0.0,-0.79039537,-0.79039537,0.71188347683693,0.0,0.0,2.1330873,0
2019-01-12 10:00:00,5.1145684903214095,5.1145684903214095,0.0,-0.0,-0.0,0.0,0.0,2.215463,0.0,-0.76601819,-0.76601819,0.6342060829419838,0.0,0.0,2.1330873,0
2019-01-12 11:00:00,5.1045267982592595,5.1045267982592595,0.0,-0.0,-0.0,0.0,0.0,2.2325708,0.0,-0.73886867,-0.73886867,0.5592817528265304,0.0,0.0,2.1330873,0
2019-01-12 12:00:00,5.027540492449446,5.027540492449446,0.0,-0.0,-0.0,0.0,0.0,2.2325708,0.0,-0.66188237,-0.66188237,0.49216414886183374,0.0,0.0,2.1330873,0
2019-01-12 13:00:00,5.072880253578546,5.072880253578546,0.0,-0.0,-0.0,0.0,0.0,2.2325708,0.0,-0.70722213,-0.70722213,0.42044891825409814,0.0,0.0,2.1330873,0
2019-01-12 14:00:00,5.097223749486786,5.097223749486786,0.0,-0.0,-0.0,0.0,0.0,2.2325708,0.0,-0.73156563,-0.73156563,0.346265145780349,0.0,0.0,2.1330873,0
2019-01-12 15:00:00,5.1145684903214095,5.1145684903214095,0.0,-0.0,-0.0,0.0,0.0,2.4293108,0.0,-0.55217041,-0.55217041,0.2902727853599577,0.0,0.0,2.1330873,0
2019-01-12 16:00:00,5.199466432301399,5.199466432301399,0.0,-0.0,-0.0,0.0,0.0,2.6260508,0.0,-0.44032839,-0.44032839,0.24562168126621006,0.0,0.0,2.1330873,0
2019-01-12 17:00:00,5.40577756012374,5.40577756012374,0.0,-0.0,-0.0,0.0,0.0,2.8227907,0.0,-0.44989956,-0.44989956,0.20000000983619975,0.0,0.0,2.1330873,0
2019-01-12 18:00:00,5.229895802186699,5.229895802186699,0.0,-0.0,-0.0,0.0,0.0,3.1307315,0.0,-0.0,-0.0,0.20000000983619975,0.0,0.0,2.0991643,0
2019-01-12 19:00:00,5.097832336884493,5.097832336884493,0.0,-0.0,-0.0,0.0,0.0,3.4301184,0.0,-0.0,-0.0,0.20000000983619975,0.0,0.0,1.6677139,0
2019-01-12 20:00:00,4.876610817818353,4.876610817818353,0.0,-0.0,-0.0,0.0,0.0,3.7380592,0.0,-0.0,-0.0,0.20000000983619975,0.0,0.0,1.1385516,0
2019-01-12 21:00:00,4.579620167737816,4.579620167737816,0.0,-0.0,-0.0,0.0,0.0,4.0374461,0.0,-0.0,-0.0,0.22425102257132423,0.25417389,0.25417389,0.79634793,0
2019-01-12 22:00:00,4.274413587788246,4.274413587788246,0.0,-0.0,-0.0,0.0,0.0,4.336833,0.0,-0.0,-0.0,0.2760120170819379,0.54250471,0.54250471,0.48008527,0
2019-01-12 23:00:00,4.027631398018453,4.027631398018453,0.0,-0.0,-0.0,0.0,0.0,4.6362199,0.0,-0.0,-0.0,0.3434488254003727,0.70680224,0.70680224,0.098213722,0
2019-01-13 00:00:00,3.7805449145498082,3.7805449145498082,0.0,-0.0,-0.0,0.0,0.0,4.8158521,0.93158426,-0.0,-0.0,0.3533451439862262,0.10372287,0.10372287,-0.0,0
2019-01-13 01:00:00,3.62109501635083,3.62109501635083,0.0,-0.0,-0.0,0.0,0.0,4.9954842,0.60693819,-0.0,-0.0,0.4265685099180369,0.76745098,0.76745098,-0.0,0
2019-01-13 02:00:00,3.5489774097226667,3.5489774097226667,0.0,-0.0,-0.0,0.0,0.0,5.1836702,1.6346928,-0.0,-0.0,0.4265685099180369,0.0,0.0,-0.0,0
2019-01-13 03:00:00,3.5340670184788694,3.5340670184788694,0.0,-0.0,-0.0,0.0,0.0,5.2264398,0.0,-0.0,-0.0,0.5880397221155541,1.6923728,1.6923728,-0.0,0
2019-01-13 04:00:00,3.5331541373823105,3.5331541373823105,0.0,-0.0,-0.0,0.0,0.0,5.2777633,0.0,-0.0,-0.0,0.7544948678644273,1.7446091,1.7446091,-0.0,0
2019-01-13 05:00:00,3.6621746656959866,3.6621746656959866,0.0,-0.0,-0.0,0.0,0.0,5.3290867,0.0,-0.0,-0.0,0.9135368436500643,1.6669121,1.6669121,-0.0,0
2019-01-13 06:00:00,4.046497607347339,4.046497607347339,0.0,-0.0,-0.0,0.0,0.0,4.9527146,0.0,-0.0,-0.0,1.0,0.90621702,0.90621702,-0.0,0
2019-01-13 07:00:00,4.680037088359309,4.680037088359309,0.0,-0.0,-0.0,0.0,0.0,4.5763425,0.0,-0.10369455,-0.10369455,0.9894850041233351,0.0,0.0,-0.0,0
2019-01-13 08:00:00,5.121567245395028,5.121567245395028,0.0,-0.0,-0.0,0.0,0.0,4.1999704,0.0,-0.92159681,-0.92159681,0.8960312704592954,0.0,0.0,-0.0,0
2019-01-13 09:00:00,5.296231828536656,5.296231828536656,0.0,-0.0,-0.0,0.0,0.0,4.3710487,0.0,-0.92518316,-0.92518316,0.8022138826549242,0.0,0.0,-0.0,0
2019-01-13 10:00:00,5.342484470762314,5.342484470762314,0.0,-0.0,-0.0,0.0,0.0,4.5421269,0.0,-0.80035758,-0.80035758,0.7210543265114698,0.0,0.0,-0.0,0
2019-01-13 11:00:00,5.279799968798593,5.279799968798593,0.0,-0.0,-0.0,0.0,0.0,4.721759,0.0,-0.42891754,-0.42891754,0.677560323445723,0.0,0.0,0.12912341,0
2019-01-13 12:00:00,5.135260461843415,5.135260461843415,0.0,-0.0,-0.0,0.0,0.0,4.1058774,0.0,-1.029383,-1.029383,0.5731766341468789,0.0,0.0,-0.0,0
2019-01-13 13:00:00,5.11274272812829,5.11274272812829,0.0,-0.0,-0.0,0.0,0.0,3.4899958,0.0,-0.0,-0.0,0.5731766341468789,0.0,0.0,1.6227469,0
2019-01-13 14:00:00,5.1261316508778245,5.1261316508778245,0.0,-0.0,-0.0,0.0,0.0,2.8826681,0.0,-0.11037627,-0.11037627,0.5619840323068014,0.0,0.0,2.1330873,0
2019-01-13 15:00:00,5.13495616814456,5.13495616814456,0.0,-0.0,-0.0,0.0,0.0,2.6859281,0.0,-0.31594075,-0.31594075,0.5299463395959761,0.0,0.0,2.1330873,0
2019-01-13 16:00:00,5.21985411012455,5.21985411012455,0.0,-0.0,-0.0,0.0,0.0,2.4977421,0.0,-0.58902474,-0.58902474,0.4702168036127968,0.0,0.0,2.1330873,0
2019-01-13 17:00:00,5.462680481809254,5.462680481809254,0.0,-0.0,-0.0,0.0,0.0,2.309556,0.0,-1.0200372,-1.0200372,0.36678083215823537,0.0,0.0,2.1330873,0
2019-01-13 18:00:00,5.249674892612146,5.249674892612146,0.0,-0.0,-0.0,0.0,0.0,2.5918351,0.0,-0.52475249,-0.52475249,0.3135687621181981,0.0,0.0,2.1330873,0
2019-01-13 19:00:00,5.02480184915977,5.02480184915977,0.0,-0.0,-0.0,0.0,0.0,2.8741142,0.0,-0.017600379,-0.017600379,0.311784013185229,0.0,0.0,2.1330873,0
2019-01-13 20:00:00,4.76097921225421,4.76097921225421,0.0,-0.0,-0.0,0.0,0.0,3.1478394,0.0,-0.0,-0.0,0.311784013185229,0.0,0.0,1.6131399,0
2019-01-13 21:00:00,4.456685513401199,4.456685513401199,0.0,-0.0,-0.0,0.0,0.0,3.1906089,0.0,-0.0,-0.0,0.311784013185229,0.0,0.0,1.2660766,0
2019-01-13 22:00:00,4.184646946626607,4.184646946626607,0.0,-0.0,-0.0,0.0,0.0,3.2333785,0.0,-0.0,-0.0,0.311784013185229,0.0,0.0,0.95126848,0
2019-01-13 23:00:00,3.977118644008853,3.977118644008853,0.0,-0.0,-0.0,0.0,0.0,3.276148,0.0,-0.0,-0.0,0.311784013185229,0.0,0.0,0.70097062,0
2019-01-14 00:00:00,3.7452468454828596,3.7452468454828596,0.0,-0.0,-0.0,0.0,0.0,3.2162706,0.0,-0.0,-0.0,0.311784013185229,0.0,0.0,0.5289762,0
2019-01-14 01:00:00,3.5727123182332017,3.5727123182332017,0.0,-0.0,-0.0,0.0,0.0,3.1478394,0.0,-0.0,-0.0,0.311784013185229,0.0,0.0,0.42487297,0
2019-01-14 02:00:00,3.444908964714937,3.444908964714937,0.0,-0.0,-0.0,0.0,0.0,3.0794081,0.0,-0.15179992,-0.15179992,0.2963908720853373,0.0,0.0,0.21370098,0
2019-01-14 03:00:00,3.388918924125983,3.388918924125983,0.0,-0.0,-0.0,0.0,0.0,3.0024229,0.0,-0.0,-0.0,0.2963908720853373,0.0,0.0,0.38649606,0
2019-01-14 04:00:00,3.393483329608778,3.393483329608778,0.0,-0.0,-0.0,0.0,0.0,2.9254377,0.0,-0.0,-0.0,0.2963908720853373,0.0,0.0,0.46804567,0
2019-01-14 05:00:00,3.4385187970390243,3.4385187970390243,0.0,-0.0,-0.0,0.0,0.0,2.8398985,0.0,-0.0,-0.0,0.2963908720853373,0.0,0.0,0.59862025,0
2019-01-14 06:00:00,3.5748423741251734,3.5748423741251734,0.0,-0.0,-0.0,0.0,0.0,3.0794081,0.0,-0.0,-0.0,0.2963908720853373,0.0,0.0,0.49543431,0
2019-01-14 07:00:00,3.8371435425364684,3.8371435425364684,0.0,-0.0,-0.0,0.0,0.0,3.3103637,0.0,-0.0,-0.0,0.2963908720853373,0.0,0.0,0.52677988,0
2019-01-14 08:00:00,4.154217576741306,4.154217576741306,0.0,-0.0,-0.0,0.0,0.0,3.5413193,0.0,-0.0,-0.0,0.2963908720853373,0.0,0.0,0.61289831,0
2019-01-14 09:00:00,4.432342017492958,4.432342017492958,0.0,-0.0,-0.0,0.0,0.0,3.7466131,0.0,-0.0,-0.0,0.2963908720853373,0.0,0.0,0.68572888,0
2019-01-14 10:00:00,4.561362545806634,4.561362545806634,0.0,-0.0,-0.0,0.0,0.0,3.9604609,0.0,-0.0,-0.0,0.2963908720853373,0.0,0.0,0.60090162,0
2019-01-14 11:00:00,4.613092474611646,4.613092474611646,0.0,-0.0,-0.0,0.0,0.0,4.1657548,0.0,-0.0,-0.0,0.2963908720853373,-4.7184917e-13,-4.7184917e-13,0.44733768,0
2019-01-14 12:00:00,4.620699817082971,4.620699817082971,0.0,-0.0,-0.0,0.0,0.0,3.6183045,0.0,-0.36902413,-0.36902413,0.2589703092343817,0.0,0.0,0.63337121,0
2019-01-14 13:00:00,4.579011580340111,4.579011580340111,0.0,-0.0,-0.0,0.0,0.0,3.0794081,0.0,-0.5815375,-0.5815375,0.20000000983619975,0.0,0.0,0.91806602,0
2019-01-14 14:00:00,4.49015782027503,4.49015782027503,0.0,-0.0,-0.0,0.0,0.0,2.5405117,0.0,-0.0,-0.0,0.20000000983619975,0.0,0.0,1.9496462,0
2019-01-14 15:00:00,4.4423837095551075,4.4423837095551075,0.0,-0.0,-0.0,0.0,0.0,2.7286977,0.0,-0.0,-0.0,0.20000000983619975,0.0,0.0,1.713686,0
2019-01-14 16:00:00,4.505981092615388,4.505981092615388,0.0,-0.0,-0.0,0.0,0.0,2.9254377,0.0,-0.0,-0.0,0.20000000983619975,0.0,0.0,1.5805434,0
2019-01-14 17:00:00,4.824576595314489,4.824576595314489,0.0,-0.0,-0.0,0.0,0.0,3.1136237,0.0,-0.0,-0.0,0.20000000983619975,0.0,0.0,1.7109529,0
2019-01-14 18:00:00,4.772238079111771,4.772238079111771,0.0,-0.0,-0.0,0.0,0.0,3.0794081,0.0,-0.0,-0.0,0.20000000983619975,0.0,0.0,1.69283,0
2019-01-14 19:00:00,4.614613943105911,4.614613943105911,0.0,-0.0,-0.0,0.0,0.0,3.0366385,0.0,-0.0,-0.0,0.20000000983619975,0.0,0.0,1.5779754,0
2019-01-14 20:00:00,4.393088130340919,4.393088130340919,0.0,-0.0,-0.0,0.0,0.0,2.9938689,0.0,-0.0,-0.0,0.20000000983619975,0.0,0.0,1.3992192,0
2019-01-14 21:00:00,4.177648191552987,4.177648191552987,0.0,-0.0,-0.0,0.0,0.0,3.0708542,0.0,-0.0,-0.0,0.20000000983619975,0.0,0.0,1.106794,0
2019-01-14 22:00:00,3.983508811684767,3.983508811684767,0.0,-0.0,-0.0,0.0,0.0,3.1392854,0.0,-0.0,-0.0,0.20000000983619975,0.0,0.0,0.84422337,0
2019-01-14 23:00:00,3.7854136137314565,3.7854136137314565,0.0,-0.0,-0.0,0.0,0.0,3.2077167,0.0,-0.0,-0.0,0.2116395784283484,0.12199384,0.12199384,0.69969072,0
